{"width":35,"height":35,"blockPositions":[36,0,0,0,0,0,36,0,1,0,0,1,36,0,2,0,0,2,36,0,3,0,0,3,36,0,4,0,0,4,36,0,5,0,0,5,36,0,6,0,0,6,36,0,7,0,0,7,36,0,8,0,0,8,36,0,9,0,0,9,36,0,10,0,0,10,36,0,11,0,0,11,36,0,12,0,0,12,36,0,13,0,0,13,36,0,14,0,0,14,36,0,15,0,0,15,36,0,16,0,0,16,36,0,17,0,0,17,36,0,18,0,0,18,36,0,19,0,0,19,36,0,20,0,0,20,36,0,21,0,0,21,36,0,22,36,0,23,0,0,23,36,0,24,0,0,24,36,0,25,0,0,25,36,0,26,0,0,26,36,0,27,0,0,27,36,0,28,0,0,28,36,0,29,0,0,29,36,0,30,0,0,30,36,0,31,0,0,31,36,0,32,0,0,32,36,0,33,0,0,33,36,0,34,0,0,34,36,0,35,0,0,35,36,0,36,0,0,36,1,0,36,1,0,0,2,0,36,2,0,0,3,0,36,3,0,0,4,0,36,4,0,0,5,0,36,5,0,0,6,0,36,6,0,0,7,0,36,7,0,0,8,0,36,8,0,0,9,0,36,9,0,0,10,0,36,10,0,0,11,0,36,11,0,0,12,0,36,12,0,0,13,0,36,13,0,0,14,0,36,14,0,0,15,0,36,15,0,0,16,0,36,16,0,0,17,0,36,17,0,0,18,0,36,18,0,0,19,0,36,19,0,0,20,0,36,20,0,0,21,0,36,21,0,0,22,0,36,22,0,0,23,0,36,23,0,0,24,0,36,24,0,0,25,0,36,25,0,0,26,0,36,26,0,0,27,0,36,27,0,0,28,0,36,28,0,0,29,0,36,29,0,0,30,0,36,30,0,0,31,0,36,31,0,0,32,0,36,32,0,0,33,0,36,33,0,0,34,0,36,34,0,0,35,0,36,35,0,0,4,0,31,5,0,31,5,0,32,32,0,31,31,0,31,31,0,32,31,0,4,31,0,5,32,0,5,5,0,4,5,0,5,4,0,5,18,0,28,30,0,18,14,0,33,14,0,34,14,0,35,22,0,33,22,0,34,22,0,35,14,0,32,15,0,32,16,0,32,22,0,32,20,0,32,21,0,32,0,0,22,22,0,1,22,0,4,22,0,3,22,0,2,21,0,4,20,0,4,16,0,4,15,0,4,14,0,4,14,0,3,14,0,2,14,0,1,19,0,8,18,0,8,17,0,8,17,0,28,19,0,28,26,0,18,32,0,18,10,0,18,6,0,18,4,0,18,10,0,4,9,0,4,27,0,4,26,0,4,27,0,32,26,0,32,9,0,32,10,0,32,3,0,18,27,0,11,26,0,11,9,0,11,10,0,11,11,0,10,8,0,10,25,0,10,28,0,10,27,0,25,26,0,25,28,0,26,25,0,26,10,0,25,9,0,25,11,0,26,8,0,26,31,0,18,29,0,18,5,0,18,7,0,18,33,0,21,33,0,20,33,0,19,33,0,18,33,0,17,33,0,16,33,0,15,3,0,17,3,0,16,3,0,15,3,0,21,3,0,20,3,0,19,21,0,16,15,0,16,15,0,20,16,0,15,15,0,15,20,0,15,21,0,15,21,0,21,20,0,21,21,0,20,16,0,21,15,0,21,23,0,18,13,0,18],"teamASpawnPositions":[33,0,3,2.4277502900202044,17,0,2,1.067276801863579,19,0,2,2.3358923710275636,3,0,3,0.6600968665662323],"teamBSpawnPositions":[3,0,33,-0.8524958997764421,19,0,34,-2.23194773922859,17,0,34,-0.7798150717233143,33,0,33,-2.2877347984497796],"shieldPowerupPositions":[18,0,18],"healthPowerupPositions":[21,0,1,15,0,35],"speedPowerupPositions":[5,0,33,3,0,31,31,0,33,33,0,31,33,0,5,3,0,5,5,0,3,31,0,3],"ammoPowerupPositions":[15,0,1,21,0,35,35,0,18,1,0,18],"spectate":[40.01020406939861,14.08241338866902,18.818165559769703,23.109110696539652,0,18.621503533597128],"title":"Stonebank","author":"DarkBladedFright","minimumPlayerCount":2,"maximumPlayerCount":8}