{"width":30,"height":30,"blockPositions":[31,0,0,0,0,0,31,0,1,0,0,1,31,0,2,0,0,2,31,0,3,0,0,3,31,0,4,0,0,4,31,0,5,0,0,5,31,0,6,0,0,6,31,0,7,0,0,7,31,0,8,0,0,8,31,0,9,0,0,9,31,0,10,0,0,10,31,0,11,0,0,11,31,0,12,0,0,12,31,0,13,0,0,13,31,0,14,0,0,14,31,0,15,0,0,15,31,0,16,0,0,16,31,0,17,0,0,17,31,0,18,0,0,18,31,0,19,0,0,19,31,0,20,0,0,20,31,0,21,0,0,21,31,0,22,0,0,22,31,0,23,0,0,23,31,0,24,0,0,24,31,0,25,0,0,25,31,0,26,0,0,26,31,0,27,0,0,27,31,0,28,0,0,28,31,0,29,0,0,29,31,0,30,0,0,30,31,0,31,0,0,31,1,0,31,1,0,0,2,0,31,2,0,0,3,0,31,3,0,0,4,0,31,4,0,0,5,0,31,5,0,0,6,0,31,6,0,0,7,0,31,7,0,0,8,0,31,8,0,0,9,0,31,9,0,0,10,0,31,10,0,0,11,0,31,11,0,0,12,0,31,12,0,0,13,0,31,13,0,0,14,0,31,14,0,0,15,0,31,15,0,0,16,0,31,16,0,0,17,0,31,17,0,0,18,0,31,18,0,0,19,0,31,19,0,0,20,0,31,20,0,0,21,0,31,21,0,0,22,0,31,22,0,0,23,0,31,23,0,0,24,0,31,24,0,0,25,0,31,25,0,0,26,0,31,26,0,0,27,0,31,27,0,0,28,0,31,28,0,0,29,0,31,29,0,0,30,0,31,30,0,0,5,0,30,5,0,29,5,0,28,5,0,27,5,0,26,5,0,1,5,0,2,5,0,3,5,0,4,5,0,5,26,0,1,26,0,2,26,0,3,26,0,4,26,0,5,26,0,30,26,0,29,26,0,28,26,0,27,26,0,26,22,0,25,22,0,24,22,0,23,23,0,20,22,0,20,21,0,20,22,0,17,22,0,16,22,0,15,23,0,12,22,0,12,21,0,12,22,0,9,22,0,8,22,0,7,22,0,2,19,0,4,16,0,2,13,0,4,10,0,2,7,0,4,22,0,29,19,0,27,16,0,29,13,0,27,10,0,29,7,0,27,9,0,24,10,0,24,8,0,24,9,0,21,9,0,20,9,0,19,9,0,16,10,0,16,8,0,16,9,0,13,9,0,12,9,0,11,9,0,8,10,0,8,8,0,8,19,0,8,18,0,8,17,0,8,18,0,11,18,0,12,18,0,13,18,0,16,19,0,16,17,0,16,18,0,19,18,0,20,19,0,24,18,0,24,13,0,7,13,0,8,13,0,9,13,0,12,14,0,12,12,0,12,13,0,15,13,0,16,13,0,17,13,0,20,14,0,20,12,0,20,13,0,23,13,0,24,28,0,21,27,0,21,27,0,20,27,0,19,27,0,18,27,0,17,27,0,16,27,0,15,27,0,14,27,0,12,27,0,13,27,0,11,27,0,10,28,0,10,18,0,21,17,0,24,3,0,10,4,0,10,4,0,11,4,0,12,4,0,13,4,0,14,4,0,15,4,0,16,4,0,17,4,0,18,4,0,19,4,0,20,4,0,21,3,0,21,13,0,25],"teamASpawnPositions":[2,0,29,5.6576276814875595,2,0,19,2.70814790886185,2,0,12,0.36717938670176853,2,0,2,3.764615875251415],"teamBSpawnPositions":[29,0,29,0.5063685529294197,29,0,19,3.7770118855488146,29,0,12,5.633805984362249,29,0,2,2.4080476139936997],"shieldPowerupPositions":[17,0,10,11,0,10,11,0,21,17,0,21,3,0,15,28,0,15,20,0,16,7,0,16],"healthPowerupPositions":[3,0,9,3,0,22,28,0,9,28,0,22,9,0,2,23,0,2,9,0,29,23,0,29],"speedPowerupPositions":[5,0,7,5,0,24,26,0,7,26,0,24],"ammoPowerupPositions":[5,0,12,5,0,18,26,0,12,26,0,18],"spectate":[16.33061832831159,15.501952619199084,33.84515439234982,16.239800306015834,0,18.234862368209686],"title":"Big","author":"Curious Particle","minimumPlayerCount":2,"maximumPlayerCount":8}