{"width":20,"height":60,"blockPositions":[21,0,0,0,0,0,21,0,1,0,0,1,21,0,2,0,0,2,21,0,3,0,0,3,21,0,4,0,0,4,21,0,5,0,0,5,21,0,6,0,0,6,21,0,7,0,0,7,21,0,8,0,0,8,21,0,9,0,0,9,21,0,10,0,0,10,21,0,11,0,0,11,21,0,12,0,0,12,21,0,13,0,0,13,21,0,14,0,0,14,21,0,15,0,0,15,21,0,16,0,0,16,21,0,17,0,0,17,21,0,18,0,0,18,21,0,19,0,0,19,21,0,20,0,0,20,21,0,21,0,0,21,21,0,22,0,0,22,21,0,23,0,0,23,21,0,24,0,0,24,21,0,25,0,0,25,21,0,26,0,0,26,21,0,27,0,0,27,21,0,28,0,0,28,21,0,29,0,0,29,21,0,30,0,0,30,21,0,31,0,0,31,21,0,32,0,0,32,21,0,33,0,0,33,21,0,34,0,0,34,21,0,35,0,0,35,21,0,36,0,0,36,21,0,37,0,0,37,21,0,38,0,0,38,21,0,39,0,0,39,21,0,40,0,0,40,21,0,41,0,0,41,21,0,42,0,0,42,21,0,43,0,0,43,21,0,44,0,0,44,21,0,45,0,0,45,21,0,46,0,0,46,21,0,47,0,0,47,21,0,48,0,0,48,21,0,49,0,0,49,21,0,50,0,0,50,21,0,51,0,0,51,21,0,52,21,0,53,0,0,53,21,0,54,0,0,54,21,0,55,0,0,55,21,0,56,0,0,56,21,0,57,0,0,57,21,0,58,0,0,58,21,0,59,21,0,60,0,0,60,21,0,61,0,0,61,1,0,61,1,0,0,2,0,61,2,0,0,3,0,61,3,0,0,4,0,61,4,0,0,5,0,61,5,0,0,6,0,61,6,0,0,7,0,61,7,0,0,8,0,61,8,0,0,9,0,61,9,0,0,10,0,61,10,0,0,11,0,61,11,0,0,12,0,61,12,0,0,13,0,61,13,0,0,14,0,61,14,0,0,15,0,61,15,0,0,16,0,61,16,0,0,17,0,61,17,0,0,18,0,61,18,0,0,19,0,61,19,0,0,20,0,61,20,0,0,3,0,56,4,0,56,6,0,54,6,0,53,6,0,52,6,0,51,6,0,50,6,0,49,6,0,48,6,0,46,6,0,47,9,0,56,10,0,56,11,0,56,12,0,56,14,0,46,14,0,50,17,0,56,18,0,56,10,0,41,7,0,45,9,0,41,11,0,41,10,0,30,11,0,30,7,0,50,8,0,50,13,0,50,7,0,46,0,0,52,4,0,46,2,0,52,1,0,52,5,0,46,1,0,39,2,0,40,3,0,41,3,0,21,2,0,22,1,0,23,5,0,30,4,0,29,4,0,30,4,0,31,15,0,46,16,0,46,20,0,52,19,0,52,15,0,54,15,0,53,15,0,47,15,0,48,15,0,49,15,0,50,15,0,51,15,0,52,14,0,45,12,0,41,17,0,46,0,0,59,15,0,30,16,0,31,17,0,32,16,0,29,17,0,28,17,0,29,17,0,31,17,0,30,16,0,30,18,0,41,19,0,40,20,0,39,14,0,25,13,0,25,8,0,25,7,0,25,4,0,32,5,0,31,6,0,30,5,0,29,4,0,28,2,0,56,19,0,56,20,0,40,20,0,41,19,0,41,1,0,40,1,0,41,2,0,41,14,0,16,7,0,16,15,0,15,6,0,15,15,0,14,15,0,13,15,0,12,6,0,14,6,0,13,6,0,12,15,0,11,15,0,10,15,0,9,15,0,8,6,0,11,6,0,10,6,0,9,6,0,8,19,0,21,20,0,22,20,0,21,1,0,22,1,0,21,2,0,21,19,0,5,18,0,5,17,0,5,12,0,5,11,0,5,9,0,5,10,0,5,2,0,5,3,0,5,4,0,5,20,0,20,19,0,20,18,0,20,9,0,20,10,0,20,11,0,20,12,0,20,14,0,15,16,0,15,17,0,15,7,0,11,8,0,11,14,0,11,13,0,11,7,0,15,5,0,15,4,0,15,20,0,9,19,0,9,2,0,9,1,0,9,17,0,33,16,0,32,15,0,31,11,0,31,10,0,31,6,0,31,5,0,32,4,0,33,7,0,36,8,0,36,13,0,36,14,0,36],"teamASpawnPositions":[3,0,58,5.535148323719124,9,0,59,0.8427479276600991,12,0,59,5.589628008812714,18,0,58,0.7251110151212399],"teamBSpawnPositions":[12,0,2,4.115949895010504,9,0,2,1.98973834784688,3,0,3,4.486214842954442,18,0,3,1.8631915959934422],"shieldPowerupPositions":[15,0,32,6,0,29],"healthPowerupPositions":[],"speedPowerupPositions":[1,0,30,20,0,30,20,0,31,1,0,31],"ammoPowerupPositions":[5,0,47,16,0,47,16,0,14,5,0,14],"spectate":[21.86706973430305,23.267565139681196,32.25201883910688,6.290792500294527,0,32.25201883910689],"title":"Elongated","author":"SuperShadowPlay","minimumPlayerCount":2,"maximumPlayerCount":8}