{"width":20,"height":40,"blockPositions":[21,0,0,0,0,0,21,0,1,0,0,1,21,0,2,0,0,2,21,0,3,0,0,3,21,0,4,0,0,4,21,0,5,0,0,5,21,0,6,0,0,6,21,0,7,0,0,7,21,0,8,0,0,8,21,0,9,0,0,9,21,0,10,0,0,10,21,0,11,0,0,11,21,0,12,0,0,12,21,0,13,0,0,13,21,0,14,0,0,14,21,0,15,0,0,15,21,0,16,0,0,16,21,0,17,0,0,17,21,0,18,0,0,18,21,0,19,0,0,19,21,0,20,0,0,20,21,0,21,0,0,21,21,0,22,0,0,22,21,0,23,0,0,23,21,0,24,0,0,24,21,0,25,0,0,25,21,0,26,0,0,26,21,0,27,0,0,27,21,0,28,0,0,28,21,0,29,0,0,29,21,0,30,0,0,30,21,0,31,0,0,31,21,0,32,0,0,32,21,0,33,0,0,33,21,0,34,0,0,34,21,0,35,0,0,35,21,0,36,0,0,36,21,0,37,0,0,37,21,0,38,0,0,38,21,0,39,0,0,39,21,0,40,0,0,40,21,0,41,0,0,41,1,0,41,1,0,0,2,0,41,2,0,0,3,0,41,3,0,0,4,0,41,4,0,0,5,0,41,5,0,0,6,0,41,6,0,0,7,0,41,7,0,0,8,0,41,9,0,41,9,0,0,10,0,41,10,0,0,11,0,41,11,0,0,12,0,41,12,0,0,13,0,41,13,0,0,14,0,41,14,0,0,15,0,41,15,0,0,16,0,41,16,0,0,17,0,41,17,0,0,18,0,41,18,0,0,19,0,41,19,0,0,20,0,41,20,0,0,8,0,40,8,0,39,8,0,38,13,0,40,13,0,39,13,0,38,12,0,37,9,0,37,10,0,34,11,0,34,4,0,40,4,0,39,1,0,36,2,0,36,3,0,36,6,0,33,7,0,33,7,0,31,7,0,32,7,0,30,7,0,29,14,0,33,15,0,33,14,0,32,14,0,31,14,0,29,14,0,30,20,0,36,18,0,36,19,0,36,17,0,39,17,0,40,1,0,29,2,0,29,3,0,29,20,0,29,19,0,29,18,0,29,13,0,1,13,0,2,13,0,3,8,0,0,8,0,1,8,0,2,8,0,3,9,0,4,12,0,4,10,0,7,11,0,7,4,0,1,4,0,2,17,0,1,17,0,2,18,0,5,19,0,5,20,0,5,1,0,5,2,0,5,3,0,5,14,0,8,15,0,8,14,0,9,14,0,10,14,0,11,14,0,12,6,0,8,7,0,8,7,0,9,7,0,10,7,0,11,7,0,12,1,0,12,2,0,12,3,0,12,20,0,12,19,0,12,18,0,12,9,0,15,10,0,15,11,0,15,12,0,15,9,0,26,10,0,26,12,0,26,11,0,26,7,0,18,7,0,19,7,0,20,7,0,21,7,0,22,7,0,23,14,0,18,14,0,19,14,0,20,14,0,21,14,0,22,14,0,23,3,0,23,4,0,23,3,0,18,4,0,18,17,0,18,18,0,18,18,0,22,17,0,22,10,0,19,10,0,20,10,0,21,11,0,21,11,0,20,11,0,19,11,0,22,10,0,22],"teamASpawnPositions":[2,0,39,5.770720800177816,19,0,39,0.5893752574200932,12,0,40,0.7065377528469972,9,0,40,5.600513692073673],"teamBSpawnPositions":[9,0,1,3.787085903005821,12,0,1,2.299720870279976,19,0,2,2.5573941278798147,2,0,2,3.566050359564519],"shieldPowerupPositions":[9,0,21,9,0,20,12,0,21,12,0,20,1,0,30,1,0,11,20,0,30,20,0,11],"healthPowerupPositions":[10,0,23,11,0,23,10,0,18,11,0,18],"speedPowerupPositions":[20,0,28,20,0,13,1,0,13,1,0,28],"ammoPowerupPositions":[8,0,23,8,0,18,13,0,18,13,0,23,6,0,32,15,0,32,15,0,9,6,0,9],"spectate":[23.968572415696286,18.22251137603714,20.39456732142448,8.349991201315866,0,20.39456732142447],"title":"FakePro's Arena","author":"FakePro","minimumPlayerCount":2,"maximumPlayerCount":8}