{"width":20,"height":50,"blockPositions":[21,0,0,0,0,0,21,0,1,0,0,1,21,0,2,0,0,2,21,0,3,0,0,3,21,0,4,0,0,4,21,0,5,0,0,5,21,0,6,0,0,6,21,0,7,0,0,7,21,0,8,0,0,8,21,0,9,0,0,9,21,0,10,0,0,10,21,0,11,0,0,11,21,0,12,0,0,12,21,0,13,0,0,13,21,0,14,0,0,14,21,0,15,0,0,15,21,0,16,0,0,16,21,0,17,0,0,17,21,0,18,0,0,18,21,0,19,0,0,19,21,0,20,0,0,20,21,0,21,0,0,21,21,0,22,0,0,22,21,0,23,0,0,23,21,0,24,0,0,24,21,0,25,0,0,25,21,0,26,0,0,26,21,0,27,0,0,27,21,0,28,0,0,28,21,0,29,0,0,29,21,0,30,0,0,30,21,0,31,0,0,31,21,0,32,0,0,32,21,0,33,0,0,33,21,0,34,0,0,34,21,0,35,0,0,35,21,0,36,0,0,36,21,0,37,0,0,37,21,0,38,0,0,38,21,0,39,0,0,39,21,0,40,0,0,40,21,0,41,0,0,41,21,0,42,0,0,42,21,0,43,0,0,43,21,0,44,0,0,44,21,0,45,0,0,45,21,0,46,0,0,46,21,0,47,0,0,47,21,0,48,0,0,48,21,0,49,0,0,49,21,0,50,0,0,50,21,0,51,0,0,51,1,0,51,1,0,0,2,0,51,2,0,0,3,0,51,3,0,0,4,0,51,4,0,0,5,0,51,5,0,0,6,0,51,6,0,0,7,0,51,7,0,0,8,0,51,8,0,0,9,0,51,9,0,0,10,0,51,10,0,0,11,0,51,11,0,0,12,0,51,12,0,0,13,0,51,13,0,0,14,0,51,14,0,0,15,0,51,15,0,0,16,0,51,16,0,0,17,0,51,17,0,0,18,0,51,18,0,0,19,0,51,19,0,0,20,0,51,20,0,0,1,0,47,2,0,47,3,0,47,4,0,47,5,0,47,20,0,47,19,0,47,18,0,47,17,0,47,16,0,47,16,0,11,16,0,10,16,0,9,15,0,10,17,0,10,6,0,8,6,0,7,6,0,6,7,0,7,5,0,7,13,0,6,13,0,5,13,0,4,12,0,5,14,0,5,9,0,15,9,0,14,9,0,13,8,0,14,10,0,14,18,0,4,18,0,3,18,0,2,17,0,3,19,0,3,16,0,21,16,0,20,16,0,19,15,0,20,17,0,20,1,0,25,2,0,25,3,0,25,4,0,25,5,0,25,1,0,20,2,0,20,3,0,20,5,0,20,5,0,24,4,0,20,5,0,21,10,0,44,11,0,44,12,0,44,13,0,44,8,0,44,9,0,44,3,0,36,4,0,36,5,0,36,5,0,37,5,0,38,3,0,37,3,0,38,4,0,38,18,0,38,18,0,36,18,0,37,17,0,36,16,0,36,16,0,37,16,0,38,17,0,38,17,0,37,4,0,37,10,0,36,10,0,37,10,0,38,11,0,37,11,0,38,12,0,36,12,0,37,12,0,38,9,0,36,9,0,37,9,0,38,11,0,36,11,0,22,11,0,23,11,0,24,10,0,23,12,0,23,16,0,29,17,0,28,6,0,31,7,0,32,11,0,29,12,0,28],"teamASpawnPositions":[3,0,49,-0.6513196500654435,18,0,49,0.9879506412079133,11,0,49,0.16395175438021226],"teamBSpawnPositions":[4,0,3,-2.468213399413506,10,0,2,3.0878332551034235,15,0,3,-2.7353100062021785],"shieldPowerupPositions":[17,0,19,6,0,32],"healthPowerupPositions":[1,0,21,1,0,24,12,0,22,17,0,29],"speedPowerupPositions":[6,0,47,15,0,47,8,0,7,17,0,7],"ammoPowerupPositions":[],"spectate":[5.542620902334899,20.699376916992964,25.657105978284417,12.994729032511037,0,25.700461075118614],"title":"Forbidding Expanse","author":"DarkBladedFright","minimumPlayerCount":2,"maximumPlayerCount":8}