{"width":50,"height":35,"blockPositions":[51,0,0,0,0,0,51,0,1,0,0,1,51,0,2,0,0,2,51,0,3,0,0,3,51,0,4,0,0,4,51,0,5,0,0,5,51,0,6,0,0,6,51,0,7,0,0,7,51,0,8,0,0,8,51,0,9,0,0,9,51,0,10,0,0,10,51,0,11,0,0,11,51,0,12,0,0,12,51,0,13,0,0,13,51,0,14,0,0,14,51,0,15,0,0,15,51,0,16,0,0,16,51,0,17,0,0,17,51,0,18,0,0,18,51,0,19,0,0,19,51,0,20,0,0,20,51,0,21,0,0,21,51,0,22,0,0,22,51,0,23,0,0,23,51,0,24,0,0,24,51,0,25,0,0,25,51,0,26,0,0,26,51,0,27,0,0,27,51,0,28,0,0,28,51,0,29,0,0,29,51,0,30,0,0,30,51,0,31,0,0,31,51,0,32,0,0,32,51,0,33,0,0,33,51,0,34,0,0,34,51,0,35,0,0,35,51,0,36,0,0,36,1,0,36,1,0,0,2,0,36,2,0,0,3,0,36,3,0,0,4,0,36,4,0,0,5,0,36,5,0,0,6,0,36,6,0,0,7,0,36,7,0,0,8,0,36,8,0,0,9,0,36,9,0,0,10,0,36,10,0,0,11,0,36,11,0,0,12,0,36,12,0,0,13,0,36,13,0,0,14,0,36,14,0,0,15,0,36,15,0,0,16,0,36,16,0,0,17,0,36,17,0,0,18,0,36,18,0,0,19,0,36,19,0,0,20,0,36,20,0,0,21,0,36,21,0,0,22,0,36,22,0,0,23,0,36,23,0,0,24,0,36,24,0,0,25,0,36,25,0,0,26,0,36,26,0,0,27,0,36,27,0,0,28,0,36,28,0,0,29,0,36,29,0,0,30,0,36,30,0,0,31,0,36,31,0,0,32,0,36,32,0,0,33,0,36,33,0,0,34,0,36,34,0,0,35,0,36,35,0,0,36,0,36,36,0,0,37,0,36,37,0,0,38,0,36,38,0,0,39,0,36,39,0,0,40,0,36,40,0,0,41,0,36,41,0,0,42,0,36,42,0,0,43,0,36,43,0,0,44,0,36,44,0,0,45,0,36,45,0,0,46,0,36,46,0,0,47,0,36,47,0,0,48,0,36,48,0,0,49,0,36,49,0,0,50,0,36,50,0,0,43,0,3,43,0,4,43,0,5,48,0,8,47,0,8,46,0,8,43,0,8,48,0,28,47,0,28,46,0,28,43,0,28,43,0,31,43,0,33,43,0,32,43,0,16,43,0,17,43,0,18,43,0,19,43,0,20,43,0,21,43,0,14,43,0,22,50,0,22,49,0,22,48,0,22,49,0,14,48,0,14,50,0,14,43,0,15,8,0,4,8,0,3,8,0,5,3,0,8,4,0,8,5,0,8,8,0,8,8,0,33,8,0,31,8,0,32,8,0,28,5,0,28,4,0,28,3,0,28,8,0,14,8,0,15,8,0,16,8,0,17,8,0,18,8,0,21,8,0,20,8,0,19,8,0,22,3,0,14,2,0,14,1,0,14,3,0,22,2,0,22,1,0,22,13,0,24,15,0,26,33,0,25,27,0,25,24,0,25,18,0,25,36,0,10,38,0,12,37,0,11,14,0,11,23,0,24,21,0,22,33,0,11,27,0,11,24,0,11,18,0,11,13,0,12,23,0,12,21,0,14,20,0,15,20,0,21,28,0,12,30,0,14,31,0,15,28,0,24,30,0,22,31,0,21,18,0,29,18,0,35,18,0,34,18,0,30,33,0,30,33,0,29,33,0,34,33,0,35,25,0,32,26,0,32,38,0,32,13,0,32,18,0,1,18,0,2,18,0,6,18,0,7,33,0,1,33,0,2,33,0,6,33,0,7,25,0,4,26,0,4,13,0,4,38,0,4,14,0,17,14,0,18,14,0,19,37,0,17,37,0,18,37,0,19,38,0,24,37,0,25,36,0,26,14,0,25,15,0,10],"teamASpawnPositions":[4,0,4,3.9305393091289864,6,0,18,3.3037192196923706,2,0,18,5.572603494887685,4,0,32,5.413634981643382,7,0,24,2.405200081458883],"teamBSpawnPositions":[48,0,18,2.5011006952501518,45,0,18,0.18403078667960715,47,0,4,2.132058755266918,47,0,32,0.8101406172172796],"shieldPowerupPositions":[26,0,18],"healthPowerupPositions":[25,0,8,25,0,28],"speedPowerupPositions":[8,0,11,8,0,25,43,0,25,43,0,11],"ammoPowerupPositions":[25,0,1,25,0,35],"spectate":[25.078136170219018,18.765765930557418,39.59033828789356,25.07813617021902,0,21.594615767262987],"title":"Original","author":"Kotamigo","minimumPlayerCount":2,"maximumPlayerCount":8}