{"title":"Team Elimination","width":7,"height":15,"blockPositions":[8,0,0,0,0,0,8,0,1,0,0,1,8,0,2,0,0,2,8,0,3,0,0,3,8,0,4,0,0,4,8,0,5,0,0,5,8,0,6,0,0,6,8,0,7,0,0,7,8,0,8,0,0,8,8,0,9,0,0,9,8,0,10,0,0,10,8,0,11,0,0,11,8,0,12,0,0,12,8,0,13,0,0,13,8,0,14,0,0,14,8,0,15,0,0,15,8,0,16,0,0,16,1,0,16,1,0,0,2,0,16,2,0,0,3,0,16,3,0,0,4,0,16,4,0,0,5,0,16,5,0,0,6,0,16,6,0,0,7,0,16,7,0,0,1,0,8,2,0,8,7,0,8,6,0,8],"gameSpawnPositions":[4,0,7,1.7394923785852066,4,0,9,-1.6734461816247308],"initialSpawnPositions":[4,0,8,3.068196770330244],"teamASpawnPositions":[3,0,14,-1.3219014776444105,5,0,14,-1.97772762697505],"teamBSpawnPositions":[3,0,2,1.2195753227513093,5,0,2,2.006880700606084]}